Individual Reports ,Expressions of Support,Knowledge Commons
S01,A1,HarassMap
S02,A2,
S03,b1,
S04,B2,
S05,b3,
S06,b4,
S07,b5,
S08,B6,
S09,B7,
S10,c1,
S11,C2,
S12,D1,
S13,e1,
S14,e2,
S15,F1,
S16,G1,
S17,g2,
S18,h1,
S19,I1,
S20,J1,
S21,J2,
S22,k1,
S23,L1,
S24,L2,
S25,M1,
S26,m2,
S27,m3,
S28,M4,
S29,N1,
S30,N2,
S31,o1,
S32,p1,
S33,P2,
S34,Q1,
S35,q2,
S36,q3,
S37,q4,
S38,q5,
S39,q6,
S40,q7,
S41,Q8,
S42,r1,
S43,S1,
S44,T1,
S45,U1,
S46,U2,
S47,U3,
S48,v1,
S49,W1,
S50,x1,
S51,X2,
S52,X3,
S53,y1,
S54,z1,
S55,z2,
S56,1a,
S57,2a,
S58,3a,
S59,4a,
S60,5a,
S61,5b,
S62,6a,
S63,6b,
S64,7a,
S65,7b,
S66,8a,
S67,8b,
S68,9a,
S69,10a,
S70,10b,
S71,10c,
S72,10D,
S73,10e,
S74,11a,
S75,11b,
S76,12a,
S77,12b,
S78,13a,
S79,13b,
S80,14a,
S81,15a,
S82,15b,
S83,15c,
S84,,
S85,,
S86,,
S87,,