Source,Target
S01,A1
S01,A2
S06,b1
S06,B2
S06,b3
S06,b4
S06,b5
S06,B6
S06,B7
S11,c1
S11,C2
S12,D1
S13,e1
S13,e2
S14,F1
S15,G1
S15,g2
S18,h1
S20,I1
S25,J1
S25,J2
S33,k1
S37,L1
S37,L2
S38,M1
S38,m2
S38,m3
S38,M4
S40,N1
S40,N2
S41,o1
S43,p1
S43,P2
S44,Q1
S44,q2
S44,q3
S44,q4
S44,q5
S44,q6
S44,q7
S44,Q8
S45,r1
S46,S1
S48,T1
S50,U1
S50,U2
S50,U3
S51,v1
S54,W1
S55,x1
S55,X2
S55,X3
S56,y1
S57,z1
S57,z2
S58,1a
S60,2a
S61,3a
S62,4a
S64,5a
S64,5b
S69,6a
S69,6b
S70,7a
S70,7b
S71,8a
S71,8b
S72,9a
S73,10a
S73,10b
S73,10c
S73,10D
S73,10e
S74,11a
S74,11b
S75,12a
S75,12b
S79,13a
S79,13b
S81,14a
S86,15a
S86,15b
S86,15c
S01,HarassMap
S02,HarassMap
S03,HarassMap
S04,HarassMap
S05,HarassMap
S06,HarassMap
S07,HarassMap
S08,HarassMap
S09,HarassMap
S10,HarassMap
S11,HarassMap
S12,HarassMap
S13,HarassMap
S14,HarassMap
S15,HarassMap
S16,HarassMap
S17,HarassMap
S18,HarassMap
S19,HarassMap
S20,HarassMap
S21,HarassMap
S22,HarassMap
S23,HarassMap
S24,HarassMap
S25,HarassMap
S26,HarassMap
S27,HarassMap
S28,HarassMap
S29,HarassMap
S30,HarassMap
S31,HarassMap
S32,HarassMap
S33,HarassMap
S34,HarassMap
S35,HarassMap
S36,HarassMap
S37,HarassMap
S38,HarassMap
S39,HarassMap
S40,HarassMap
S41,HarassMap
S42,HarassMap
S43,HarassMap
S44,HarassMap
S45,HarassMap
S46,HarassMap
S47,HarassMap
S48,HarassMap
S49,HarassMap
S50,HarassMap
S51,HarassMap
S52,HarassMap
S53,HarassMap
S54,HarassMap
S55,HarassMap
S56,HarassMap
S57,HarassMap
S58,HarassMap
S59,HarassMap
S60,HarassMap
S61,HarassMap
S62,HarassMap
S63,HarassMap
S64,HarassMap
S65,HarassMap
S66,HarassMap
S67,HarassMap
S68,HarassMap
S69,HarassMap
S70,HarassMap
S71,HarassMap
S72,HarassMap
S73,HarassMap
S74,HarassMap
S75,HarassMap
S76,HarassMap
S77,HarassMap
S78,HarassMap
S79,HarassMap
S80,HarassMap
S81,HarassMap
S82,HarassMap
S83,HarassMap
S84,HarassMap
S85,HarassMap
S86,HarassMap
S87,HarassMap